raceId,circuitId,count,mean,std,min,25%,50%,75%,max
11,12,1085.0,102151.67741935483,6003.779529084417,98683.0,100111.0,100862.0,101836.0,217180.0
29,12,1049.0,102130.72640610105,3975.0442938238075,98708.0,100277.0,101109.0,102227.0,143067.0
345,12,1251.0,107433.16067146283,14992.3729499157,98766.0,101377.5,102914.0,105481.5,364173.0
848,12,1343.0,107504.34549516009,4768.903234432599,101852.0,104573.5,106252.0,108488.5,147804.0
867,12,1210.0,110761.68181818182,11211.767853277272,102163.0,105602.0,107048.5,109305.25,177687.0
