raceId,circuitId,count,mean,std,min,25%,50%,75%,max
943,32,1261.0,87335.40919904837,9041.321391031033,80521.0,83382.0,84365.0,86652.0,150636.0
966,32,1479.0,86322.61189993238,6769.120584435189,81134.0,83829.0,84712.0,85566.0,129450.0
986,32,1225.0,83242.02204081633,5490.149377588856,78785.0,81367.0,82062.0,83199.0,131283.0
1007,32,1242.0,85640.42431561997,6444.47809940567,78741.0,82347.25,84130.0,85230.0,123872.0
1027,32,1370.0,83379.45182481752,6151.528076317165,79232.0,81080.25,81965.5,83533.75,204844.0
1070,32,1259.0,85128.55679110406,10278.949816244478,77774.0,81359.5,82243.0,83546.0,140003.0
