raceId,circuitId,count,mean,std,min,25%,50%,75%,max
353,35,1097.0,198826.32452142207,410086.57930151484,110257.0,116129.0,126438.0,159664.0,2942501.0
856,35,1205.0,108893.22904564315,11557.490790726466,99605.0,103002.0,105626.0,108316.0,167274.0
875,35,1126.0,107175.92539964477,4424.152749596601,102037.0,104563.0,106197.5,108109.5,150991.0
894,35,1150.0,113402.79565217391,15376.747819338974,101380.0,105298.0,107083.5,111225.5,180237.0
