raceId,circuitId,count,mean,std,min,25%,50%,75%,max
1064,39,1361.0,77115.78912564291,3624.896237103072,71097.0,75499.0,76491.0,77698.0,124387.0
