raceId,circuitId,count,mean,std,min,25%,50%,75%,max
7,5,1090.0,90473.84587155964,4455.114550341369,87579.0,88763.25,89393.0,90213.0,128919.0
22,5,1004.0,91201.18027888447,9365.519649834452,86506.0,88095.75,88809.0,89613.5,151878.0
47,5,1212.0,91440.12458745875,7959.6270120064055,87295.0,89382.5,90183.5,91128.5,313638.0
66,5,1008.0,95027.45337301587,46248.40533801832,88005.0,90084.25,91152.0,92650.25,1528859.0
84,5,1015.0,91744.70935960591,48804.40802485033,84770.0,87083.0,88015.0,90367.5,1617815.0
343,5,1293.0,93885.030162413,4470.637947168422,89165.0,91428.0,92738.0,94903.0,149240.0
844,5,1302.0,95400.36559139784,5724.630527365845,89703.0,92654.0,94108.5,95923.5,174976.0
1044,5,1076.0,108180.39219330855,9934.274300411116,96806.0,102378.5,104458.0,112115.75,256506.0
1067,5,1147.0,95841.55710549258,3845.6604015555167,90432.0,94250.0,95123.0,96283.5,160070.0
