raceId,circuitId,count,mean,std,min,25%,50%,75%,max
878,69,1250.0,104841.8456,4320.2813640099885,99347.0,102148.5,104099.0,106033.25,133310.0
898,69,1170.0,107876.42991452992,12887.15418725104,99856.0,102808.75,104428.0,105753.25,170269.0
916,69,852.0,108864.56807511736,12556.09661913721,101379.0,104251.5,105191.0,106379.0,174585.0
942,69,837.0,120262.10513739545,16325.032462681145,100666.0,106730.0,117369.0,127811.0,185741.0
965,69,1078.0,107481.71150278293,7360.823062482544,99877.0,104382.25,105554.0,106963.5,157317.0
985,69,933.0,102314.0332261522,3767.4112387723067,97766.0,100722.0,101659.0,102736.0,133708.0
1006,69,931.0,102935.62620837809,6506.068633051687,97392.0,100217.0,101451.0,102897.5,149206.0
1028,69,1030.0,102680.34757281553,4164.615622171665,96169.0,100749.25,101797.0,103341.75,135518.0
1069,69,1044.0,103737.56417624521,4952.664490340852,98485.0,101372.5,102539.5,104108.5,149128.0
