raceId,circuitId,count,mean,std,min,25%,50%,75%,max
915,71,1030.0,105796.80097087378,4136.016949929722,100896.0,103851.5,104878.0,106153.25,131378.0
941,71,848.0,111658.81014150943,17926.612580784087,100071.0,102761.0,104140.5,107100.0,199317.0
951,71,973.0,107195.69886947585,14246.264418631452,99094.0,102395.0,103408.0,104690.0,190199.0
972,71,828.0,103805.56400966183,11950.145581907685,96844.0,99215.5,100360.5,101934.0,157957.0
1004,71,948.0,101254.53375527426,4643.857583801108,95861.0,99111.75,100474.0,101950.25,172468.0
1025,71,900.0,107043.69111111111,16899.23927275777,95761.0,99024.25,100845.0,103062.5,198117.0
1040,71,946.0,108128.07505285412,20209.945360352544,97030.0,100002.25,101378.5,102956.75,187172.0
1066,71,1025.0,104673.47804878048,9581.372126064261,97423.0,100797.0,101715.0,103463.0,199316.0
