raceId,circuitId,count,mean,std,min,25%,50%,75%,max
1039,76,778.0,141405.24550128536,245611.0839223855,78833.0,82915.25,84312.5,104865.0,1617695.0
