raceId,circuitId,count,mean,std,min,25%,50%,75%,max
1072,77,841.0,154924.338882283,229069.23744712566,90734.0,93484.0,95604.0,114364.0,1307962.0
1075,77,816.0,102404.99632352941,17330.29260735168,91634.0,94476.25,95847.0,98057.5,184684.0
