raceId,circuitId,count,mean,std,min,25%,50%,75%,max
1051,78,1112.0,90765.27158273381,5555.480999670288,83196.0,88037.75,89431.5,91223.0,151932.0
