raceId,circuitId,count,mean,std,min,25%,50%,75%,max
1078,79,1055.0,99879.37061611374,14088.711504593566,91361.0,94144.5,95109.0,96595.5,177593.0
