raceId,circuitId,count,mean,std,min,25%,50%,75%,max,year
238,27,1284.0,88531.92990654205,7264.678291851141,82873.0,86032.75,86941.0,88614.75,266095.0,1996
