raceId,circuitId,count,mean,std,min,25%,50%,75%,max,year
223,26,1345.0,87072.1464684015,3844.523232344551,83135.0,85506.0,86329.0,87130.0,112897.0,1997
